Date,Exchange_Rate,Oil_Price,SP500_Index,Coffee_Price,Exchange_Rate_Lag30,Exchange_Rate_Lag85,Interest Rate,IPC,PIB
2010-01-31,1957.199951171875,-0.29533788546647793,-1.3278244286224716,-0.5839291031355706,-0.7901657647425253,1.2958433556587035,0.1407854227060285,0.49537037037037024,-1.941099699878331
2010-02-28,1937.5,-0.04480477860751627,-1.302565529207441,-0.6397296256444461,-0.5795704915962612,1.2958433556587035,0.13103188783056258,0.5601851851851851,-1.927460493049541
2010-03-31,1915.550048828125,0.1640410456298011,-1.2489954837164972,-0.4902261873649947,-0.8805402497980075,1.2958433556587035,0.12023333136129677,0.29166666666666663,-1.9123599426319517
2010-04-30,1954.0,0.35776516223830274,-1.2347575399956665,-0.5102301300774958,-0.7755217344085226,1.4804489400456458,0.1097831154232976,0.38888888888888884,-1.880036531726785
2010-05-31,1931.199951171875,-0.19071073550352538,-1.3150052141816109,-0.530234072789997,-0.8095517056151834,1.4804489400456458,0.11076332947639678,0.2222222222222222,-1.8466356737914444
2010-06-30,1915.0,-0.1502491917611469,-1.3634277968765078,0.1004185038322659,-0.8374450967275696,1.4804489400456458,0.11293322481236007,0.22685185185185183,-1.8143122628862778
2010-07-31,1840.0,-0.020691305000224803,-1.304949546220947,0.3552065106395623,-0.9702175703234285,1.4804489400456458,0.11517544999285545,0.15740740740740738,-1.7987613455583833
2010-08-31,1826.0,-0.16537121120346537,-1.3480678798688985,0.3657349353621444,-1.0402299139164184,1.4804489400456458,0.11741767517335083,0.22685185185185183,-1.7832104282304888
2010-09-30,1763.0,0.1481017629968045,-1.2722829244159874,0.49734024439442065,-1.1202839804585165,1.4804489400456458,0.11958757050931412,0.11111111111111109,-1.768161153397043
2010-10-31,1833.0,0.1824327414618375,-1.2375869427431003,0.9268998445549607,-1.1455274653656762,1.4804489400456458,0.1218297956898095,0.13425925925925924,-1.7203444738029599
2010-11-30,1942.0,0.2956425580876726,-1.2398224307135262,0.8742577209420502,-1.1919700296668987,1.0968616822792119,0.1239996910257728,0.26388888888888884,-1.6740702677441688
2010-12-31,1915.0,0.6565249044983446,-1.1762297460931934,1.707056180758699,-1.1611478665372617,0.9647392684298041,0.12624191620626818,0.47685185185185175,-1.6262535881500857
2011-01-31,1866.4000244140625,0.9123713134439736,-1.1527361772912048,1.7976006976333099,-1.028235789787642,0.9768334562205132,0.12848414138676356,0.5972222222222222,-1.584016508484374
2011-02-28,1906.0,1.3533588605217188,-1.1188321826853176,2.364030140489441,-0.7700824890920576,0.80888586202796,0.13050937703366267,0.4537037037037036,-1.5458668881411504
2011-03-31,1870.0,1.58059606877757,-1.119978826897896,2.2050505416160227,-0.4741336774887395,0.7751136128197708,0.15705972240459554,0.30092592592592593,-1.5036298084754385
2011-04-30,1767.0,1.929217284633551,-1.0888135064510933,2.9462518991274216,-0.3816670178520799,0.7981604806954835,0.1729899296271552,0.23148148148148145,-1.4704549864897178
2011-05-31,1801.0,1.5548480687889221,-1.1040002234898227,2.214526380907966,-0.4688338650782868,0.9060945189634729,0.19582322664615748,0.3055555555555555,-1.4361743371044728
2011-06-30,1767.5,1.381150486207316,-1.1242600884542309,2.230319017991839,-0.48459369915588435,0.7792211464040399,0.2227781487084569,0.32407407407407407,-1.4029995151187522
2011-07-31,1776.0,1.55525654447751,-1.1476546714600513,1.6870522380461979,-0.14150498847353424,0.6534881673407412,0.2388474291686739,0.2407407407407407,-1.3577908979620619
2011-08-31,1779.5,1.478012232698064,-1.2081952101171585,2.7304191923144887,-0.15991455850860972,0.5220504352728426,0.24485435184545323,0.162037037037037,-1.3125822808053713
2011-09-30,1928.0,0.9838938474481643,-1.2803505185478172,1.4627965986739848,-0.24220006229014898,0.621997819334392,0.2503429106364192,0.3194444444444444,-1.268832006137607
2011-10-31,1829.5,1.2618097924906326,-1.1798098498685337,1.4217358065163193,-0.4388484696324716,0.603286340900261,0.2560144213870841,0.26388888888888884,-1.2522539474073164
2011-11-30,1949.0,1.313306104281431,-1.1850398847427672,1.5659753537365038,-0.7638064760917707,0.4161704423493804,0.2618174288587824,0.2407407407407407,-1.2362106647650997
2011-12-31,1936.0,1.1727131376585862,-1.176262774924468,1.4196303143530173,-0.7378656564068012,0.22220884019297973,0.27236289416079984,0.37037037037037035,-1.219632606034809
2012-01-31,1809.0,1.3198454570608666,-1.1310491244436955,1.171159426639675,-0.7819371803148217,0.20623553178009968,0.2829083594628172,0.5138888888888888,-1.1836578287889696
2012-02-29,1767.0,1.7972072964870918,-1.0871058755951255,0.9205827254610066,-0.8140145800940658,-0.11619721946085054,0.30439689872926573,0.45833333333333326,-1.1500040049138298
2012-03-31,1790.0,1.806198438838562,-1.0518078226350682,0.4847060062065125,-1.0525030741049677,0.1834165197616996,0.3000143676946611,0.23148148148148145,-1.1140292276679904
2012-04-30,1762.0,1.6668318347219888,-1.0605188747908179,0.3899501837032736,-0.8181985887609238,0.16287940894513953,0.29577320862891465,0.2407407407407407,-1.1055990743321493
2012-05-31,1791.4000244140625,0.9475195550996847,-1.132765012507482,0.02566662404152819,-0.7809609797249876,0.13321469332121944,0.2913906775943101,0.31481481481481477,-1.0968879158851141
2012-06-30,1781.0,0.7811785884881924,-1.0900095932129275,0.22465410833994906,-0.8857006293024481,0.14234229812857946,0.2871495185285637,0.21296296296296294,-1.088457762549273
2012-07-31,1792.0,1.0721729272760299,-1.0758541208726273,0.3151983039125359,-0.8809587187637927,0.08198612276086838,0.28213081363409703,0.16666666666666663,-1.0992464334200498
2012-08-31,1819.0,1.466568677147554,-1.0533669244479558,0.10778852965888297,-0.9770514851955128,0.01683773202737903,0.2601800967771505,0.19444444444444442,-1.1100351042908265
2012-09-30,1797.0,1.3774720223155077,-1.0252454927565602,0.29624726793269773,-0.8628280145407417,0.045133084088280886,0.25300275066588734,0.3101851851851851,-1.1204757535206096
2012-10-31,1829.0,1.2266615508349215,-1.0487638331820048,-0.100674472629457,-0.8154092496496851,0.030529139238419076,0.24558615968424874,0.24999999999999997,-1.090873433485724
2012-11-30,1811.0,1.3300629619186082,-1.0454476579638936,-0.3649376761246485,-0.8935107447643664,0.00862266485884076,0.23625560973960663,0.11111111111111109,-1.0622260270003516
2012-12-31,1766.0,1.3251584473340314,-1.0371903494475467,-0.32914109632827415,-0.9674282312121899,0.017066144989477273,0.21336120478284593,0.21759259259259256,-1.032623706965466
2013-01-31,1775.0,1.506621433387842,-0.9778624119679112,-0.26281214909681655,-1.0246096829925815,-0.03245155677427938,0.1942105390014045,0.31481481481481477,-0.9982277101215955
2013-02-28,1814.0,1.336193215382451,-0.9641935107029759,-0.3533566659714274,-1.0671471044389704,-0.028800292009421125,0.16954754002044115,0.3796296296296296,-0.9671603581335818
2013-03-31,1828.0,1.2806099640112567,-0.9192274757591078,-0.46916933791983045,-1.0803964652173539,0.19254412456905964,0.13078288561662954,0.27314814814814814,-0.9327643612897112
2013-04-30,1824.5,0.9679545648151677,-0.8958163783376498,-0.5154943424387869,-0.9750989137680961,0.21992693899113971,0.1324239371144309,0.29166666666666663,-0.8653293508792337
2013-05-31,1903.0,0.8870317891439136,-0.8684539048819794,-0.6818433245347745,-0.9255881445436106,0.23361834620217978,0.1341196903288257,0.3055555555555555,-0.7956465067884084
2013-06-30,1928.0,0.9593718981522852,-0.8886312984658568,-0.8302941773835869,-1.071052247293804,0.37555248953567116,0.13576074182662706,0.2824074074074074,-0.7282114963779309
2013-07-31,1895.0,1.1857915314039553,-0.8230918260557831,-0.8597737987370192,-0.9465081878779003,0.059052904261419174,0.1374564950410218,0.19444444444444442,-0.7156721574012637
2013-08-31,1944.0,1.4436815660465339,-0.8666143600962253,-0.9966433201305864,-0.9576655443228547,0.2473097534132198,0.1391522482554166,0.21296296296296294,-0.7031328184245953
2013-09-30,1907.25,1.2131746814009647,-0.8265399152036808,-0.9629523931485261,-1.0413457176600132,0.08073096567889924,0.14079329975321797,0.3101851851851851,-0.690997974253627
2013-10-31,1885.5,1.2323833286101766,-0.7646795323651153,-1.1377241471527817,-1.0552924132162063,-0.18054672193178165,0.14248905296761272,0.05555555555555554,-0.655701466725105
2013-11-30,1931.5,1.2671230945773,-0.7240359443190191,-1.0355984594739378,-1.142040791476628,-0.20062756392893083,0.14413010446541408,0.07407407407407406,-0.6215435562136329
2013-12-31,1929.0,1.3124888410907527,-0.6889358629512977,-1.0261229414840187,-1.143156595220223,-0.31152762807548384,0.14582585767980888,0.2962962962962963,-0.5862470486851108
2014-01-31,2016.0,1.132660693231801,-0.7431905518075984,-0.7207986245291379,-1.1603110988534397,-0.327044667668953,0.14752161089420357,0.40277777777777773,-0.5505330515675827
2014-02-28,2042.5,1.24178357027724,-0.6797875815717828,0.428905483697637,-1.1268390295185764,-0.36195786747806225,0.14905325895881827,0.46759259259259256,-0.5182752477194912
2014-03-31,1969.0,1.188243944602995,-0.6691544125520922,0.3888972769706106,-0.9147794554875609,-0.46213310739692437,0.15074901217321296,0.35648148148148145,-0.48256125060196303
2014-04-30,1935.0,1.2009135508462738,-0.6595771591566307,0.9184772332977046,-0.9130361185430368,-0.6818803045550742,0.15349017597139236,0.38888888888888884,-0.47386004510532415
2014-05-31,1896.0,1.2556795390267899,-0.6268940229360338,0.38047466571335453,-0.884445392652841,-0.9440708083569697,0.17223766984164546,0.3981481481481481,-0.46486879942546433
2014-06-30,1877.0,1.376245971622739,-0.5966526034860175,0.28571884321011565,-1.0064789787695305,-0.7672234652143691,0.199260797678394,0.21759259259259256,-0.45616759392882544
2014-07-31,1875.0,1.1171298862873922,-0.6210370444535177,0.750022437736391,-1.0873698129954505,-0.7423506864038345,0.21702158134494964,0.24537037037037035,-0.43185705432492516
2014-08-31,1881.0,1.00146796827602,-0.5610657496476186,0.7647621680876011,-1.1180525432190753,-0.33548759069480394,0.2386634935962884,0.2685185185185185,-0.4075465147210237
2014-09-30,1981.0999755859375,0.6532552281086266,-0.5867040778316839,0.7142258579400167,-1.1055005172185015,-0.6643097767218633,0.2409764236996934,0.2407407407407407,-0.3840201860720876
2014-10-31,2019.5,0.2931904567021355,-0.548955950195571,0.6015715848875787,-1.1068951867741208,-0.6467392488886524,0.24269813232043091,0.24999999999999997,-0.35895592318411157
2014-11-30,2126.5,-0.34887751114072274,-0.5081143905571388,0.5731447096157973,-1.1628214019049055,-0.576456580451023,0.24436430195340275,0.23611111111111108,-0.33470018490542364
2014-12-31,2375.0,-0.872831147773169,-0.5152582850874947,0.15095513528187438,-1.0999218389960244,-0.6716117491467942,0.24608601057414026,0.30092592592592593,-0.3096359220174476
2015-01-31,2378.10009765625,-1.050207038339832,-0.5679785430567075,0.05198768584798344,-1.0608710914386836,-0.811036135421133,0.24780771919487776,0.4722222222222222,-0.2939453220146488
2015-02-28,2494.0,-0.6582635457605965,-0.4776420713811681,-0.4775919491770865,-1.0399510481043939,-1.0141253423848937,0.24936281085231815,0.7083333333333333,-0.27977316717341133
2015-03-31,2529.89990234375,-0.9635626408000743,-0.5078423054897473,-0.5586609480617784,-1.0720284478836382,-1.0967300544705447,0.2510845194730557,0.44907407407407396,-0.26408256717061246
2015-04-30,2393.0,-0.4866095888759397,-0.49330720298510006,-0.4818032548057146,-1.0455297263268712,-1.2544093718072107,0.2527506891060275,0.42592592592592593,-0.2410570321702533
2015-05-31,2534.0,-0.5364710624718789,-0.4752581550653183,-0.7007945211656247,-1.0734231174392574,-1.3066649650398254,0.25447239772676505,0.2962962962962963,-0.21726397933654937
2015-06-30,2603.0,-0.6169848947342913,-0.5117852229208284,-0.6060388593133977,-1.120841882330314,-1.2772283838256109,0.25613856735973684,0.2222222222222222,-0.1942384443361902
2015-07-31,2879.0,-1.0820857595125768,-0.4781864429112637,-0.7197457177964748,-1.0887644825510698,-1.192569904947825,0.2578602759804744,0.26388888888888884,-0.17048255130867976
2015-08-31,3030.89990234375,-1.0027978220361815,-0.5867948064200331,-0.8187128459283418,-1.0706337783280186,-0.6652225929130778,0.2595819846012119,0.3981481481481481,-0.1467266582811682
2015-09-30,3087.0,-1.2390266403637569,-0.6298141542718169,-0.8018674627628176,-1.02739902210382,-0.3067359698144912,0.26355610772578175,0.5092592592592592,-0.12373708438357735
2015-10-31,2890.0,-1.1903912174605862,-0.4983803509107785,-0.8102902346710857,-1.0162416656588658,0.07091867909003009,0.30105109546628794,0.4907407407407407,-0.13386098458740017
2015-11-30,3144.0,-1.392697844825219,-0.4975143510663792,-0.8955703785333935,-0.9353508314329457,0.14234229812857946,0.3264509258711471,0.4537037037037036,-0.14365830736529311
2015-12-31,3138.0,-1.6922751620894418,-0.5275989842654967,-0.6892133503613915,-0.9119901163763223,-0.25790294983224366,0.3534058479334466,0.4629629629629629,-0.15378220756911595
2016-01-31,3260.89990234375,-1.7960848929549649,-0.6131426502905679,-0.9071517099886386,-0.9444161835444712,0.3557000605006202,0.36947512839366353,0.7731481481481481,-0.1182769237876723
2016-02-29,3297.60009765625,-1.7458147877636865,-0.6197502291033342,-0.9850619886753413,-0.8656173536519802,0.605568242102101,0.3970199128087852,0.7685185185185185,-0.08506230347599905
2016-03-31,2999.0,-1.5974567294821402,-0.5145652838166627,-0.6734207132775184,-0.9465081878779003,0.31120298706474003,0.42309418302134266,0.611111111111111,-0.0495570196945554
2016-04-30,2846.5,-1.248835357719408,-0.509978706966349,-0.8123958874853997,-0.8875833991529845,-0.14517725330326153,0.4549545974664621,0.40740740740740733,-0.048425489824310594
2016-05-31,3088.0,-1.1850782271874216,-0.48387022142489994,-0.7976559964831775,-0.8851427274306506,-0.47377102636822266,0.47884990830030166,0.412037037037037,-0.047256242291724336
2016-06-30,2881.60009765625,-1.1854868587827607,-0.48229450449871863,-0.3228239772343201,-0.8935107447643664,-0.4577977179553426,0.5045288577205989,0.3981481481481481,-0.04612471242147953
2016-07-31,3031.89990234375,-1.4805684489644968,-0.42064035046030784,-0.2786047861806897,-0.7498597805355776,-0.6015574936712631,0.5218342366777555,0.41666666666666663,-0.035096670917125816
2016-08-31,2893.800048828125,-1.2933836851354312,-0.42282649657913435,-0.2849219052746437,-0.7240583937566204,-0.6544974901329942,0.5177271997363104,0.027777777777777762,-0.0240686294127721
2016-09-30,2828.699951171875,-1.2108262271760692,-0.4250372129261043,-0.16595051312825163,-0.8921160752087471,-0.859412329479184,0.5130619247639894,0.15277777777777776,-0.013396331182751535
2016-10-31,2938.199951171875,-1.2418875292513845,-0.4597827378459036,0.09936559709960288,-0.8949054143199858,-0.6608869249191033,0.5082411406259244,0.14814814814814814,-0.0004351384043159364
2016-11-30,3072.75,-1.1531995060146771,-0.39984427047596666,-0.2512308176415714,-0.9561314418612231,-0.7001355141697944,0.5035758656536031,0.22685185185185183,0.012107951381265736
2016-12-31,2964.699951171875,-0.9218752022716786,-0.36683114803559114,-0.4712748300831325,-0.9727976749517745,-0.7617468466194746,0.49688897152660977,0.37037037037037035,0.025069144159701334
2017-01-31,2915.0,-0.9394493230995342,-0.3338015111795782,-0.20806421201858002,-0.9492975269891388,-0.6335041104970232,0.4872474032504795,0.648148148148148,0.024414252932528382
2017-02-28,2918.10009765625,-0.9439450501820207,-0.26387363490683946,-0.3944174581290928,-0.8852821603366628,-0.8525666258736639,0.4780723624715815,0.6435185185185185,0.02382273827572675
2017-03-31,2846.89990234375,-1.0567462352125168,-0.26463249244490844,-0.42389691883151304,-0.7865396579474648,-0.7749819850111037,0.45224056216187786,0.3935185185185185,0.023167847048553795
2017-04-30,2940.139892578125,-1.1017033501306304,-0.24691333004724902,-0.5976159267541177,-0.6758026909339935,-0.567328975643663,0.4159550901549363,0.3935185185185185,0.04037962087924629
2017-05-31,2916.0,-1.1597387028873616,-0.22414558995205464,-0.633412506550492,-0.22546402762271728,-0.6996792453503834,0.3905207021576896,0.2824074074074074,0.05816512050429527
2017-06-30,3042.280029296875,-1.2574181802890418,-0.21456843725424948,-0.7450138728702671,-0.21012266251090486,-0.8343114162589439,0.35319850237912115,0.22685185185185183,0.07537689433498777
2017-07-31,2983.25,-1.0641028511826307,-0.17588805071587507,-0.42494982556417604,-0.24568673617919726,-1.0396825244245447,0.32458481588221866,0.15277777777777776,0.09011797501707419
2017-08-31,2948.679931640625,-1.0751377751378017,-0.17477453603222776,-0.6586809829263083,0.08415261372476941,-1.0556558328374246,0.3053016793299583,0.2407407407407407,0.10485905569915949
2017-09-30,2918.699951171875,-0.8642484811102864,-0.13541766263865868,-0.6607864750896103,-0.014868924724201555,-1.1058576592779048,0.29397850346493504,0.19444444444444442,0.11912461764956518
2017-10-31,3040.050048828125,-0.7077163877611966,-0.08930498348221216,-0.7229042773434519,-0.20872799295528555,-1.0282730184153446,0.28213081363409703,0.18518518518518517,0.12335286988354739
2017-11-30,2950.699951171875,-0.6178023138317208,-0.029647059782798017,-0.6976359616186476,-0.04973566361468429,-0.8930703722063241,0.2601165473584571,0.2592592592592592,0.12744472688417513
2017-12-31,2982.0,-0.49396620484605375,-0.00817449294326214,-0.6997417750839736,0.20827820417488796,-0.9096141559196641,0.24957108205643969,0.3518518518518518,0.13167297911815734
2018-01-31,2828.0,-0.39383447015208495,0.11572772991056714,-0.7913390380402355,0.5932070015258173,-0.9641516503541189,0.2391238899077744,0.46759259259259256,0.15027668779691236
2018-02-28,2865.0,-0.5274796083069059,0.025003572258174563,-0.8081844212057596,0.654572461973067,-0.857130428277344,0.23235060179981198,0.5046296296296295,0.16708003757127204
2018-03-31,2789.0,-0.3439733083696485,-0.03518220855569782,-0.8692493167269383,0.4816334370762726,-1.0111587594015445,0.22485160425171075,0.287037037037037,0.18568374625002707
2018-04-30,2802.0,-0.14371015079521374,-0.02925937380594486,-0.8166071931140277,0.42514932007369055,-1.149213782112865,0.21759450985032242,0.38888888888888884,0.2153169321561318
2018-05-31,2877.0,-0.04480477860751627,0.01794224980600556,-0.7523838986968842,0.8778591940259172,-1.149213782112865,0.21566619619509636,0.29166666666666663,0.24593789092577203
2018-06-30,2944.5,0.03080500679057334,0.028748719492232372,-1.0092773976674825,0.936016846396143,-1.1674689917275851,0.21380008620616792,0.24537037037037035,0.27557107683187676
2018-07-31,2870.0,-0.18131049383646197,0.10952435149029134,-1.042968324649543,1.1699028627744017,-1.1843551163316797,0.21187177255094192,0.11574074074074073,0.30287619065874566
2018-08-31,3026.89990234375,-0.05175260707553986,0.1798318579273772,-1.2914392123628853,0.7565229426870372,-1.0967300544705447,0.20994345889571586,0.23148148148148145,0.33018130448561456
2018-09-30,2983.0,0.16485862063398193,0.19011026910383308,-1.1998419494066233,0.6141270448601069,-0.7926667193253637,0.20807734890678742,0.24999999999999997,0.35660560818903564
2018-10-31,3204.0,-0.1314490202405228,0.02327942698656944,-0.9840092425936904,0.5876283233033401,-0.8297476138552639,0.20614903525156142,0.23148148148148145,0.35777515458897263
2018-11-30,3236.0,-0.8164306332112966,0.06323001376183363,-1.1829964055900872,0.6001803493039138,-0.7841095898184637,0.20428292526263303,0.23148148148148145,0.3589069736856854
2018-12-31,3245.0,-1.0171024223810705,-0.14573735985420805,-1.2124760269435195,0.45443738074169604,-0.8936408475067841,0.20235461160740698,0.31481481481481477,0.3600765200856224
2019-01-31,3161.0,-0.686463958948284,0.016977163467782018,-1.1271957224301996,0.38846944266180333,-1.1127033628834249,0.20042629795218092,0.4537037037037036,0.3910335079175776
2019-02-28,3069.0,-0.5172621034491643,0.08329200783156197,-1.3525041078840638,0.3365878032918644,-1.121830967690785,0.1986845952958477,0.43981481481481477,0.4189946582174092
2019-03-31,3189.5,-0.42080883264700397,0.12446345299211646,-1.3672438382352738,0.4361670733648843,-1.1332404736999848,0.19675628164062164,0.37499999999999994,0.4499516460493644
2019-04-30,3249.300048828125,-0.24057189728596182,0.2163838988016559,-1.4230445213951615,0.7134274491211025,-1.1697508929294251,0.19489017165169326,0.40740740740740733,0.48175384541076116
2019-05-31,3362.0,-0.5802019707904725,0.056540064266193055,-1.154569690969318,0.591812331970198,-1.2080869445412943,0.1929618579964672,0.3194444444444444,0.5146161180842052
2019-06-30,3196.39990234375,-0.4960095187295004,0.21302643754445125,-1.0777121583642661,0.45206651059624264,-1.1909726855274942,0.1910957480075388,0.30092592592592593,0.5464183174456019
2019-07-31,3296.0,-0.5524103451048754,0.24488455786677338,-1.258801031462476,0.3999335855495344,-1.1127033628834249,0.1891674343523127,0.27777777777777773,0.5717756334864988
2019-08-31,3436.0,-0.7461341498998744,0.20040519469592638,-1.386195034866124,0.5970842237498987,-1.0305549196171846,0.1872391206970867,0.21759259259259256,0.5971329495273959
2019-09-30,3400.699951171875,-0.7318297054617368,0.24188195515045977,-1.2272157572947295,0.4225275047469648,-1.0853205484613448,0.18537301070815831,0.2824074074074074,0.6216722876314895
2019-10-31,3387.0,-0.7543081849674178,0.29205335404276167,-1.2103703741292056,0.49407378055383777,-1.0419644256263847,0.18344469705293226,0.24999999999999997,0.6197778689999144
2019-11-30,3510.860107421875,-0.664394111037942,0.3773660196442222,-0.8608265448186702,0.5070861564663249,-1.0761929436539848,0.18157858706400382,0.2222222222222222,0.6179445606467778
2019-12-31,3283.010009765625,-0.5184881541419328,0.4514434449388219,-0.6260428020258989,0.6312117469164436,-1.142368078507345,0.17965027340877782,0.2962962962962963,0.6160501420152028
2020-01-31,3413.25,-0.8389091127169778,0.4471043829277563,-1.1956304831269833,0.5600137980029783,-1.1081395604797448,0.17772195975355176,0.37037037037037035,0.5722243188250122
2020-02-29,3500.25,-1.151156036224479,0.22330484872090717,-1.0387570190209148,0.47454840677516746,-1.0693472400484647,0.17591805343092093,0.48611111111111105,0.5312259680987041
2020-03-31,4061.550048828125,-2.2865252040799344,-0.08160846021394193,-0.839769695373506,0.5130274623930832,-1.0282730184153446,0.1728078701160402,0.43981481481481477,0.48740014490851363
2020-04-30,3919.0,-2.1831240268563747,0.18883161026381196,-1.153516784236655,0.6169163839713456,-1.0174339877066045,0.13548567033747178,0.24999999999999997,0.034231203618294445
2020-05-31,3698.260009765625,-1.7719715752544247,0.2976215316469363,-1.3293414449735736,0.6197057230825842,-0.8297476138552639,0.0885219022827731,0.027777777777777762,-0.4340433690482649
2020-06-30,3743.75,-1.5341080746387417,0.3438002684659323,-1.250378259554208,0.32557005000067063,-0.7995124229308838,0.06592123686130669,0.0,-0.887212310338483
2020-07-31,3720.35009765625,-1.4462376264062153,0.48472059663408285,-0.8524039335614141,0.4551347155195057,-0.8959227487086241,0.04540345178101787,0.1759259259259259,-0.640194245296074
2020-08-31,3743.75,-1.3653150066417123,0.6737828631289513,-0.6239369885605729,0.38958524640539816,-0.7453172693871836,0.022403694916429823,0.17129629629629628,-0.39317618025366513
2020-09-30,3885.199951171875,-1.542282109706285,0.5605137085971563,-1.0208587291227276,0.19712084772993346,-0.875385637892064,0.0,0.32407407407407407,-0.15412643989004388
2020-10-31,3859.5,-1.6849185461193277,0.48376356610836535,-1.1587809965979459,0.37782827739026653,-0.7902706116424746,0.0018339939655682425,0.14814814814814814,0.009223307638586052
2020-11-30,3605.14990234375,-1.27090520562975,0.7738614302633571,-0.8155544470323768,0.4091106201840685,-0.7647134296028236,0.003608826835472978,0.10648148148148147,0.16730370847274412
2020-12-31,3420.25,-1.0988424612430028,0.8847631828949396,-0.6565751694609823,0.43142533307397746,-0.7820558230263291,0.005442820801041248,0.3518518518518518,0.3306534560013741
2021-01-31,3558.260009765625,-0.9320927071294202,0.8502569156065697,-0.7681765357807573,0.6224950621938228,-0.5102814455976628,0.007276814766609491,0.3657407407407407,0.42639792544864263
2021-02-28,3608.699951171875,-0.5131751638687683,0.9301993751961914,-0.4754861357117605,0.7153801907962676,-0.5376642600197429,0.00893332544518724,0.4722222222222222,0.5128768010784337
2021-03-31,3728.25,-0.6190283645244893,1.0636211516884078,-0.7565952043255122,0.7337897608313431,-0.7795457874147838,0.010767319410755483,0.412037037037037,0.6086212705257023
2021-04-30,3713.360107421875,-0.46740062985322517,1.2354345138406568,-0.4102100952129659,0.8524759357172481,-0.8229019102497439,0.012542152280660246,0.44907407407407396,0.5533937038426244
2021-05-31,3706.25,-0.37013009586038664,1.2543580202079692,0.061463525139926534,0.8400635128704351,-0.8867951439012641,0.01437614624622846,0.6388888888888888,0.49632521827011017
2021-06-30,3765.75,-0.14534498899007273,1.3313969635751017,-0.0017070231955660653,0.7954340870906172,-0.9575340811583043,0.016150979116133224,0.15277777777777776,0.4410976515870323
2021-07-31,3845.85009765625,-0.09630077858481167,1.4120404802480615,0.42364127133634594,0.7968287566462365,-0.861694230681024,0.017984973081701466,0.32407407407407407,0.5955931975873527
2021-08-31,3815.0,-0.2328068056272601,1.5171515134549902,0.7163313501033187,0.8024074348687137,-0.860553280080104,0.01981896704726971,0.3842592592592592,0.7500887435876721
2021-09-30,3834.25,-0.006795648064177619,1.339679144412561,0.7279126815585638,0.6880445313079304,-0.6691017135352487,0.021593799917174444,0.3518518518518518,0.8996005622976596
2021-10-31,3777.75,0.23270269074636438,1.5853717588717613,0.9374282692775427,1.0040767888094646,-0.5061739120133937,0.0624741170206472,0.18055555555555552,1.0195807014322908
2021-11-30,4033.25,-0.3317121778149576,1.5537116101417752,1.5543940222812587,0.9781357988767467,-0.07329736544530129,0.0905953578260269,0.40740740740740733,1.1356905134980626
2021-12-31,4068.25,-0.03703937513531182,1.7180183648055838,1.403837677269144,0.8961291609072319,0.3591229123033802,0.1315461048052895,0.5138888888888888,1.255670652632694
2022-01-31,3912.49755859375,0.511844998295104,1.5112695619537055,1.5933493222756219,1.2294551847002468,0.25027633639656893,0.19582322664615748,0.949074074074074,1.2706142999107195
2022-02-28,3853.7451171875,0.9115537384397927,1.3944534331755012,1.5754508717264228,1.128760110883632,0.6945623889738614,0.23646295529393202,0.9305555555555555,1.2841117877747417
2022-03-31,3749.389892578125,1.1943745098803407,1.5235280918441458,1.4101544750610742,1.2556750404449892,0.5371112060469008,0.28145694058253956,0.6388888888888888,1.2990554350527672
2022-04-30,3971.550048828125,1.2528183383256597,1.1948158988133293,1.3290857974784065,1.0478692766577122,0.23133644500033976,0.36437509661388606,0.7546296296296295,1.3536251766791156
2022-05-31,3930.159912109375,1.804563600643703,1.1949971545947153,1.51228032339093,1.124924769605679,0.7356366106069815,0.4331302135715553,0.5648148148148148,1.4100139096930095
2022-06-30,4107.52001953125,1.476377394503205,0.9089412943646289,1.5617640481078756,0.9630034980000785,0.9615448295891422,0.49844406318405005,0.412037037037037,1.464583651319358
2022-07-31,4373.580078125,1.2802014883226691,1.19346292510294,1.2164315244259685,1.190962509262452,1.5183287228381042,0.6270350939802629,0.5509259259259259,1.4943072611054657
2022-08-31,4411.919921875,0.7276386510004449,1.0488635073632813,1.6775767200562788,2.0342493198694687,1.8526272489076654,0.6747914571377862,0.648148148148148,1.5240308708915735
2022-09-30,4526.9501953125,0.3790174351444639,0.7441564272285867,1.3080289480332423,1.7581047478568455,1.4316164771681839,0.718334023546116,0.6064814814814814,1.552795654555548
2022-10-31,4833.259765625,0.6597945808880625,0.9803790312963121,0.38468597134198257,1.8710869421773857,1.413361267553464,0.8054191563627757,0.5092592592592592,1.5188026748168264
2022-11-30,4809.33984375,0.2756163358742799,1.1520687367265936,0.1741174768903406,1.6782599157976401,2.005743042393044,0.8587365846178736,0.5324074074074073,1.485906242811611
2022-12-31,4848.1298828125,0.2952340823990849,0.9535858016918497,0.1656948656330845,1.465907515639224,2.282765625454507,0.9111653890687197,0.7592592592592592,1.4519132630728893
2023-01-31,4600.43017578125,0.23719841782885087,1.1491732763166103,0.4699662758553024,1.6813979222977835,2.424243499968587,0.9581809935119998,0.9999999999999999,1.4775983554067869
2023-02-28,4777.259765625,0.2126764685329717,1.0613608920945257,0.6521078950351631,1.5949284098493863,1.9881719574550476,0.9683409256739435,0.9444444444444443,1.5007977936438546
2023-03-31,4643.25,0.0442918762245301,1.1761562203055898,0.23307671959720513,1.7594994174124647,1.7321427540295558,0.9795894219960954,0.662037037037037,1.526482885977752
2023-04-30,4654.75,0.03489194637096941,1.225791303480302,0.640526884881942,1.5095048995677036,1.5890676600951443,1.0,0.537037037037037,1.5125534416168687
2023-05-31,4391.25,-0.24629367506121685,1.2343292563648283,0.40468991405448373,1.191101771920716,1.707726522590825,0.9986392947997398,0.37499999999999994,1.498159682443955
2023-06-30,4167.85009765625,-0.1547449188436334,1.4575099027759009,0.03303664986814526,1.2437389707984476,1.4977916120215442,0.9958240426612701,0.31481481481481477,1.4842302380830714
2023-07-31,3926.2900390625,0.28092932614744454,1.5718267157241064,0.10989402182218498,1.3850306417286802,1.7878214776173234,0.9929149487848514,0.40740740740740733,1.485948357222443
2023-08-31,4096.77978515625,0.3340604761331017,1.5047612710300762,-0.1417352647871224,1.3801492982840127,1.3608775399111437,0.9900058549084327,0.4999999999999999,1.4876664763618146
2023-09-30,4071.25,0.6794120155993647,1.3236013538130071,-0.2796576929133527,1.5321682798465173,1.443482251996795,0.9871906027699633,0.42592592592592593,1.4893291723031428
2023-10-31,4060.0,0.35653911154553414,1.2458530961547178,0.1656948656330845,1.6104233384303355,1.703847401968654,0.9842815088935448,0.29166666666666663,1.4924625346812361
2023-11-30,3988.85009765625,0.16935434771646843,1.5543713811860198,0.748969531003728,1.4474281440272683,1.6538734313854864,0.9814662567550752,0.3935185185185185,1.4954948208535848
2023-12-31,3879.75,-0.06728310220644602,1.721029224729716,0.6078887039815327,1.7528049354463928,1.4313880642060857,0.9740200239671231,0.3842592592592592,1.4986281832316781
2024-01-31,3919.260009765625,0.12357981370092534,1.7835741502359823,0.7289655882912268,1.8027341736366633,1.3260785465830836,0.9583244477036552,0.6018518518518517,1.5381868396873493
2024-02-29,3923.18994140625,0.20164170048455204,1.9903144944847293,0.7668679815529272,1.7813956613365887,1.5546792529940756,0.935240511765389,0.6805555555555556,1.5751933247587837
2024-03-31,3857.25,0.35940000043316167,2.1207171538449945,0.6194700354367778,1.6177034726512087,1.3457939278408755,0.9083914417878802,0.4999999999999999,1.6147519812144548
2024-04-30,3907.260009765625,0.3749304955640678,1.9403410671847632,1.28907759075138,1.8306275647490495,1.495965979639115,0.8730866582135586,0.44907407407407396,1.6302824039201216
2024-05-31,3864.75,0.1199016616226197,2.139821915993693,1.3248744918497783,1.7821767580066548,1.4676249449857934,0.850032441617212,0.37499999999999994,1.6463305073826444
2024-06-30,4173.8798828125,0.315669092114568,2.2907568274787264,1.4638495054066478,1.9923254713086331,1.865360435887464,0.8286180646950827,0.32407407407407407,1.6618609300883112
2024-07-31,4082.25,0.0831185817720496,2.341752940176334,1.4691137177679388,1.8861913224233018,1.6207178971749625,0.7850992920388884,0.2685185185185185,1.6683890312051182
2024-08-31,4125.1298828125,0.00464821929983521,2.4457748275324462,1.8691938572260585,1.7163623833958987,1.4469051037995548,0.7622334962364814,0.1759259259259259,1.6749171323219254
2024-09-30,4179.31005859375,-0.28266827922319926,2.5398812180654997,2.333497451752334,1.612598764160524,1.3843812337110528,0.7408191193143518,0.287037037037037,1.681234649531739
